,count,mean,std,min,25%,50%,75%,max
A,10.0,0.4144677649382471,0.2633246435472818,0.012900885122821615,0.25703452577951347,0.3313522635010628,0.6666219636941463,0.7847495622481737
B,10.0,0.5826141844888252,0.3569831953072963,0.08292442941291478,0.20796167467758228,0.7422371463927175,0.8615428537199944,0.9467885466730692
C,10.0,0.5139191187949511,0.2597947412152041,0.05564971814493447,0.35580840329532315,0.5227584662303728,0.6981326971060797,0.8711030924719864
D,10.0,0.4966726747653697,0.3761779171124036,0.021051538311698592,0.10826579810038986,0.5594016955352017,0.853723722524542,0.9209646396091894
